Company,Website,Industry,City,State,Phone,Employees,Revenue,LinkedIn,Source
Valuable AC & Heating LLC,valuableacheating.com,HVAC,Hobbs,,+1-575-964-7959,,,,osm:node/2470329127
Service First AC Repair & Plumbing,servicefirstactx.com,HVAC,San Antonio,TX,+1-210-521-1500,,,,osm:node/3690280631
Austin Air Conditioning & Repair,acrepairaustin.org,HVAC,Austin,TX,+1-512-271-2172,,,,osm:node/3857696302
"Vanderford Air, Inc.",vanderfordair.com,HVAC,Dickenson,TX,+1 281-557-2665,,,,osm:node/4053096525
Justice Air Conditioning & Heating,justiceac.com,HVAC,Corpus Christi,TX,+1 361-241-6598,,,,osm:node/4060412462
Frost Brothers Heating & Air,frostac.com,HVAC,Lewisville,TX,+1-972-874-1001,,,,osm:node/4066650628
Express HVAC Service,expresshvacservice.com,HVAC,Georgetown,TX,+1-512-819-6805,,,,osm:node/4066724168
Expert Air Cooling And Heating,expertairco.com,HVAC,Baytown,TX,+1-281-428-3744,,,,osm:node/4066820396
Shellaby A/C & Refrigeration,shellabyair.com,HVAC,Rockport,TX,+1 361-386-2886,,,,osm:node/4066997796
"PRK Services, Inc.",fixac.com,HVAC,Denton,TX,+1-940-382-8554,,,,osm:node/4072301517
Intelligent Air Services,iairservices.com,HVAC,Austin,TX,+1-512-323-2500,,,,osm:node/4073455241
Accur-AC,accur-ac.com,HVAC,Woodlands,TX,+1-281-602-3410,,,,osm:node/4073755178
Riteway Service Company,riteway-sa.com,HVAC,San Antonio,TX,+1-210-308-8880,,,,osm:node/4089906936
"Roadrunner Air Conditioning, Heating & Refrigeration",roadrunnerairconditioning.com,HVAC,Santa Fe,NM,+1 505 473 9000,,,,osm:node/4130536711
"Hall's Heating, Air Conditioning & Refrigeration",hallsair.com,HVAC,Shreveport,LA,+1 318-220-9414,,,,osm:node/4136186115
Cowboys Air Conditioning & Heating,cowboysac.com,HVAC,San Antonio,TX,+1-210-495-7771,,,,osm:node/4141133889
Conditioned Air Services,conditionedairservice.com,HVAC,Grand Prairie,TX,+1-972-263-1800,,,,osm:node/4149671407
"Fresh Air, L.P.",freshairinc.com,HVAC,Richmond,TX,+1-281-499-3511,,,,osm:node/4178619759
Texas Air Conditioning & Electric,txace.com,HVAC,Nacogdoches,TX,+1 936 4628030,,,,osm:node/4461569259
A-Bird Air Conditioning & Heating,acrepairkeller.com,HVAC,North Richland Hills,TX,+1-817- 581-1214,,,,osm:node/5055851391
Austin Air Duct Cleaning,austinductcleaning.us,HVAC,Austin,TX,+1-512-354-2780,,,,osm:node/5083460300
Smart Air Service Co.,smartairaustin.com,HVAC,Austin,TX,+1-512-600-4311,,,,osm:node/5159334121
Adon Complete Property Solutions,adoncps.com,HVAC,Van Alstyne,TX,+1-903-482-4900,,,,osm:node/5240063080
Chill Air Concept,chillair-concept.com,HVAC,Richardson,TX,+1-972-699-8080,,,,osm:node/5393073693
Air-Stream Heating & AC Co,air-streamservices.com,HVAC,San Antonio,TX,+1-210-533-3264,,,,osm:node/5558451512
"Lellem Welch Plumbing, Heating & Air Conditioning",lellemwelchplbginc.com,HVAC,Lubbock,TX,+1-806-798-7908,,,,osm:node/5563700111
Elite Heating and Air Conditioning,eliteaustinac.com,HVAC,Austin,TX,+1-512-637-4237,,,,osm:node/5706313100
Truficient Energy Solutions,truficient.com,HVAC,Richardson,TX,+1-214-238-4350,,,,osm:node/5743492159
DFW HVAC and Plumbing LLC,mbpheatingandair.info,HVAC,Richardson,TX,+1-972-479-9962,,,,osm:node/5814748982
Sunbelt Heat & Air Services Inc,sunbeltheatandair.com,HVAC,Oklahoma City,OK,+1-405-634-2138,,,,osm:node/5837589767
Ace Air By Elliott Services,aceairbyelliottservices.com,HVAC,Magnolia,TX,+1 281-850-0433,,,,osm:node/5845614368
Bestway Mechanical Services,bestwaymechanicalservices.com,HVAC,Edmond,OK,+1-405-348-4808,,,,osm:node/5870421225
Green Leaf Air,greenleafair.com,HVAC,Richardson,TX,+1-972-992-5006,,,,osm:node/6059510462
Perfect Weather Heating & Cooling,elpasoperfectweather.com,HVAC,El Paso,TX,+1 915-921-9677,,,,osm:node/6137138532
Commercial Service Co,commercialservicecotx.com,HVAC,McAllen,TX,+1-956-686-9413,,,,osm:node/6225035166
"Efficent AC, Electric & Plumbing",efficienttexas.com,HVAC,Austin,TX,+1-512-501-2275,,,,osm:node/6348097587
"BIMS, Inc.",bellomyims.com,HVAC,Euless,TX,+1 214-467-2653,,,,osm:node/6390232729
Vent-One LLC,vent-onellc.com,HVAC,Rowlett,TX,+1-214-538-5738,,,,osm:node/6408287348
Kingwood AC Repair Pros,acrepairkingwoodtexas.com,HVAC,Kingwood,TX,+1-281-623-1871,,,,osm:node/6598444325
Superior HVAC,superiorhvactexas.com,HVAC,Houston,TX,+1-281-288-7777,,,,osm:node/6832646119
Efficient Systems,efficient-systems.com,HVAC,Beaumont,TX,+1-409-838-1676,,,,osm:node/7353959931
Total Air,totalairep.com,HVAC,El Paso,TX,+1-915-585-0909,,,,osm:node/7652306126
Robert Madden Industries,rmadden.com,HVAC,Austin,TX,+1-512-837-8521,,,,osm:node/8336472171
"Republic Heating & Air Conditioning, Inc.",republic-ac.com,HVAC,Red Oak,TX,,,,,osm:node/8739406713
Pearland AC Repair Pros,hvacrepairpearland.com,HVAC,,,+1-281-595-1801,,,,osm:node/8910880617
Fixorvo AC Repair,austinairconditioner.org,HVAC,Austin,TX,+1-512-598-6577,,,,osm:node/8930418911
Cool Care Heating and Air Conditioning,coolcareac.com,HVAC,Houston,TX,+1-713-365-9614,,,,osm:node/8981038172
Prodigy Heating & Air,prodigyacservice.com,HVAC,Leander,TX,+1-512-778-5247,,,,osm:node/9702652747
Stryker Heating & Cooling,strykertexas.com,HVAC,Leander,TX,+1-512-528-5091,,,,osm:node/9702652749
TemperaturePro,temperaturepro.com,HVAC,Leander,TX,+1-512-222-5375,,,,osm:node/9702652933
Maner Heating & Cooling,manerac.com,HVAC,Montgomery,TX,+1 936-444-5627,,,,osm:node/9718104664
Warner Services,warnerservices.jobbersites.com,HVAC,Canton,TX,+1-903-567-6699,,,,osm:node/9743323950
Versatile Refrigeration & Air LLC,versatilerefrigerationllc.com,HVAC,Mesquite,TX,+1 469-820-4275,,,,osm:node/9807883134
HM Tech Air Conditioning and Heating,hmtechacheating.com,HVAC,Mesquite,TX,+1 972-289-8129,,,,osm:node/9946547740
Honest HVAC LLC,honesthvacllc.net,HVAC,Big Spring,TX,+1-432-270-0390,,,,osm:node/10284373104
The Chill Brothers,thechillbrothers.com,HVAC,Spring,TX,+1-832-478-7777,,,,osm:node/11059832881
Mr. Reliable Heating & Air,callmrreliable.com,HVAC,Houston,TX,+1-281-688-6301,,,,osm:node/11104568960
One Hour Heating & Air Conditioning,onehourheatandair.com,HVAC,Austin,TX,+1-512-853-9200,,,,osm:node/11387618763
Lawhon Heating and Air,lawhonhvac.com,HVAC,Georgetown,TX,+1-512-863-8971,,,,osm:node/11557076417
Scottco,scottco.com,HVAC,Amarillo,TX,+1 806-355-4663,,,,osm:node/11608343745
42 Mechanical,42mech.com,HVAC,Austin,TX,+1-512-375-0942,,,,osm:node/11648216426
Southern Comfort Air Conditioning,southerncomforttyler.com,HVAC,,,,,,,osm:node/11927493855
AC Genius air conditioning repair & installation,acgenius.com,HVAC,Fort Worth,TX,+1-817-631-5287,,,,osm:node/11968431343
JD Precision Plumbing Services,jdprecisionplumbing.com,Plumbing,Conroe,TX,+1-936-228-5000,,,,osm:node/1681681417
George Plumbing Co.,yell4george.com,Plumbing,San Antonio,,+1-210-495-9991,,,,osm:node/2813979868
McNamara Custom Services Inc.,acandplumbing.com,Plumbing,Waco,TX,+1-254-836-4304,,,,osm:node/5404041967
MDN Enterprises,mdnenterprises.com,Plumbing,New Caney,TX,+1-281-354-9621,,,,osm:node/5986753066
D & S Plumbing,dandsplumbingtexas.com,Plumbing,Victoria,TX,+1-361-575-5949,,,,osm:node/6596492904
Couvillion Plumbing LLC,couvillionplumbingllc.com,Plumbing,Keithville,LA,+1 318-925-1035,,,,osm:node/6725698699
"Aranda's Plumbing, Heating & Supply",arandaplumbingonline.com,Plumbing,Santa Fe,NM,+1-505-983-7391,,,,osm:node/6765930495
ARS / Rescue Rooter Austin,ars.com,Plumbing,Austin,TX,+1-512-345-4050,,,,osm:node/8317057540
Water Heater Hero,waterheaterherotx.com,Plumbing,Plano,TX,+1 469-456-1855,,,,osm:node/8947864304
Aqua Systems,ilovemywater.com,Plumbing,Leander,TX,,,,,osm:node/9702652758
Rick's Plumbing Inc.,ricksplumbinginctx.com,Plumbing,Dale,TX,+1 512-398-7456,,,,osm:node/9702708939
Bob - Emergency Plumbing Services,bobemergencyplumbing.com,Plumbing,Houston,TX,+1-713-880-2556,,,,osm:node/9853488315
Alamo Water Softeners,alamowatersofteners.com,Plumbing,San Antonio,TX,+1-830-461-7232,,,,osm:node/10914584093
Mr Handy Guy Services,mrhandyguyservices.com,Plumbing,Stilwell,OK,+1-918-507-1778,,,,osm:node/10980562699
Frank's Repair Plumbing,franksrepairplumbing.com,Plumbing,Amarillo,TX,+1 806-374-4357,,,,osm:node/11390222029
All City Plumbing Repairs,allcityplumbingsa.com,Plumbing,San Antonio,TX,+1-210-734-7444,,,,osm:node/11491114932
NOMI - Bathroom Remodeling Dallas Tx,nomibath.com,Plumbing,Dallas,TX,+1-800-371-8970,,,,osm:node/11648674352
Pro-Tec Septic,protecseptic.com,Plumbing,Georgetown,TX,+15126144444,,,,osm:node/11752836368
"Mission AC, Plumbing & Electric Manvel",missionac.com,Plumbing,Manvel,TX,+1 832-937-4021; +1 832-428-4780,,,,osm:node/11770840034
Brooks Plumbing,brooksplumbingtexas.com,Plumbing,Garland,TX,+12143683838,,,,osm:node/12046903851
Benjamin Franklin Plumbing & Drain Services of Duncanville,duncanvilleplumber.com,Plumbing,Duncanville,TX,+1-972-263-5010,,,,osm:node/12069806828
SewerTV Hydro Jetting and Plumbing,sewertvplumbing.com,Plumbing,San Antonio,TX,+1 210-500-9840,,,,osm:node/12174095128
Continental Plumbing,continentalplumbing.net,Plumbing,Progreso,TX,,,,,osm:node/12182381832
Wooten Knockout Plumbing,wootenknockoutplumbing.com,Plumbing,Tulsa,OK,+1 918 367 8887,,,,osm:node/12294016414
Trident Plumbing,trident-plumbing.com,Plumbing,Frisco,TX,+1-972-900-6660,,,,osm:node/12333430091
Mays Plumbing Services LLC,maysplumbingandconstruction.com,Plumbing,Amarillo,TX,+18063539653,,,,osm:node/12592856133
ROD Plumbing Inc,rodplumbingtexas.com,Plumbing,Round Rock,TX,+1 512-838-1182,,,,osm:node/12804126043
3 Rivers Plumbing San Antonio,3riversplumbingsanantonio.com,Plumbing,San Antonio,TX,+1 210-880-1970,,,,osm:node/12873941225
James Armstrong Plumbing Mesquite,jamesarmstrongplumbing.com,Plumbing,Mesquite,TX,+1-214-918-6109,,,,osm:node/12946642653
Benjamin Franklin Plumbing,benjaminfranklinplumbing.com,Plumbing,Cedar Park,TX,+1-512-648-4208,,,,osm:node/12978477051
"Dean's Plumbing, Drain Cleaning, Sewer & Water Heater Repair",deansplumbingtx.com,Plumbing,Richardson,TX,+1-972-449-5274,,,,osm:node/13050170186
"CW Service Pros Plumbing, Heating & Air Conditioning",cwservicepros.com,Plumbing,Lewisville,TX,+1-972-845-8220,,,,osm:node/13068357854
"Economy Plumbing Services, LLC",plumbersthatcare.com,Plumbing,Austin,TX,+1-512-580-7829,,,,osm:node/13167390159
My Local Plumber,mylocalplumber.net,Plumbing,Plano,TX,+1-972-645-2363,,,,osm:node/13169072544
Larry Stinson Plumbing & Water Heater Repair,larrystinsonplumbing.com,Plumbing,Southlake,TX,+1-817-670-4359,,,,osm:node/13188980278
Mr. Rooter,mrrooter.com,Plumbing,Amarillo,TX,+18062232906,,,,osm:node/13204503795
Jim's Plumbing Now,jimsplumbingnow.com,Plumbing,Carrollton,TX,+1-972-236-5892,,,,osm:node/13271859969
Wrangler Pumping,wranglerpumping.com,Plumbing,Amarillo,TX,+18066227777,,,,osm:node/13279243200
Great Mountains Plumbing Moriarty,greatmountainsplumbing.com,Plumbing,Moriarty,NM,+1-505-832-3283,,,,osm:node/13371716243
Bear's Plumbing Services,bearsplumbing.net,Plumbing,Spring,TX,+1-281-350-2327,,,,osm:node/13495003434
McDowd Plumbing,mcdowdplumbing.com,Plumbing,Austin,TX,+1-737-419-6916,,,,osm:node/13511809203
"Anytime Plumbing 365, Drain Cleaning & Repair",anytimeplumbing365.com,Plumbing,The Woodlands,TX,+1-713-487-7943,,,,osm:node/13526087276
Crown Plumbing & Water Damage Restoration,crownrestoration.com,Plumbing,San Antonio,TX,+1 210-809-6414,,,,osm:node/13572938889
Patriot Plumbing LLC,patriotplumbing-tx.com,Plumbing,San Antonio,TX,+1-210-934-6649,,,,osm:node/13684371227
Redeemed Water & Plumbing,redeemedwaterplumbing.com,Plumbing,Odessa,TX,+1 432-202-6790,,,,osm:node/13770675819
Garrison Plumbing Company,garrisonplumber.com,Plumbing,Buda,TX,+1-512-295-0825,,,,osm:node/13860135351
Spartan Boiler & Mechanical,spartanboiler.com,Plumbing,Amarillo,TX,+18063400264,,,,osm:node/13970218071
Dependable Plumbing,amarillodependableplumbing.com,Plumbing,Amarillo,TX,+18063742336,,,,osm:node/13982546118
Lantz Home Services,lantzhomeservices.com,Plumbing,,,+15127101032,,,,osm:node/14077949201
Hester Plumbing,hesterplumbing.org,Plumbing,Tyler,TX,+1-903-721-4242,,,,osm:node/14081202676
Colvex Plumbing,colvexplumbing.com,Plumbing,Dallas,TX,+1-972-267-3423,,,,osm:node/14166501709
Mr. Plumber Plumbing Co.,mrplumbersa.com,Plumbing,San Antonio,,,,,,osm:way/220391504
"Layland Plumbing, Inc.",laylandplumbing.com,Plumbing,Cleburne,TX,+1-817-645-5671,,,,osm:way/239550613
Reliant Plumbing,reliantplumbing.com,Plumbing,,,,,,,osm:way/323729935
On Time Experts,theontimeexperts.com,Plumbing,,,,,,,osm:way/468090803
A & M Plumbing,betterplumber.com,Plumbing,Denton,TX,+19403821780,,,,osm:way/656306015
Pratt Plumbing,prattplumbing.net,Plumbing,Amarillo,TX,+1 806-373-7866,,,,osm:way/681319484
Rick's Plumbing Service,ricksplumbingservices.com,Plumbing,Cleburne,TX,+1-817-558-9093,,,,osm:way/710150306
3D's Plumbing,3dsplumbing.com,Plumbing,San Angelo,TX,,,,,osm:way/761080061
Lewis Plumbing & Heating,lewispandh.com,Plumbing,Dumas,TX,+1-806-935-2492,,,,osm:way/999598662
Holey Plumbing,holeyplumbing.com,Plumbing,Lindale,TX,+1-903-882-9686,,,,osm:way/1073229357
